index,hospital,y_true,y_true_name,y_pred,y_pred_name,correct,prob_Benign,prob_Potentially_Malignant,prob_Malignant
0,Spain_Dataset,0,Benign,1,Potentially_Malignant,0,0.011689756996929646,0.9883096218109131,6.525900175802235e-07
1,Spain_Dataset,0,Benign,0,Benign,1,0.8592194318771362,0.14040939509868622,0.0003711710451170802
2,Spain_Dataset,0,Benign,0,Benign,1,0.9955655932426453,0.004434320610016584,1.2628305512407678e-07
3,Spain_Dataset,0,Benign,0,Benign,1,0.6930331587791443,0.30696508288383484,1.72831255440542e-06
4,Spain_Dataset,0,Benign,0,Benign,1,0.9927356243133545,0.0072644418105483055,3.0003539652767586e-09
5,Spain_Dataset,0,Benign,0,Benign,1,0.9254482388496399,0.07455161958932877,1.0239054404337367e-07
6,Spain_Dataset,0,Benign,0,Benign,1,0.5406274199485779,0.4593683183193207,4.262013590050628e-06
7,Spain_Dataset,0,Benign,0,Benign,1,0.8515127301216125,0.14847415685653687,1.3069458873360418e-05
8,Spain_Dataset,0,Benign,1,Potentially_Malignant,0,0.16946493089199066,0.8305351138114929,4.2269521216553585e-12
9,Spain_Dataset,0,Benign,1,Potentially_Malignant,0,0.010384490713477135,0.9896154403686523,6.944578956336045e-08
10,Spain_Dataset,0,Benign,0,Benign,1,0.8863857984542847,0.11361415684223175,4.188588675901883e-08
11,Spain_Dataset,0,Benign,1,Potentially_Malignant,0,0.24432189762592316,0.755678117275238,7.706439930643683e-09
12,Spain_Dataset,0,Benign,1,Potentially_Malignant,0,0.3502652049064636,0.6497347950935364,1.221514112081934e-09
13,Spain_Dataset,0,Benign,1,Potentially_Malignant,0,0.40663349628448486,0.5933665633201599,8.388436971949742e-13
14,Spain_Dataset,0,Benign,1,Potentially_Malignant,0,0.011279434897005558,0.9887205958366394,7.710843075159346e-10
15,Spain_Dataset,0,Benign,1,Potentially_Malignant,0,0.3601279854774475,0.6398181915283203,5.3760963055538014e-05
16,Spain_Dataset,0,Benign,0,Benign,1,0.8517931699752808,0.14820683002471924,5.581402007237557e-09
17,Spain_Dataset,0,Benign,0,Benign,1,0.9544724225997925,0.04552758112549782,4.304660401461928e-14
18,Spain_Dataset,0,Benign,0,Benign,1,0.9222150444984436,0.0777042806148529,8.065370639087632e-05
19,Spain_Dataset,0,Benign,1,Potentially_Malignant,0,0.004074763972312212,0.9959253072738647,4.9903197130163335e-09
20,Spain_Dataset,0,Benign,1,Potentially_Malignant,0,0.0926969051361084,0.9073030948638916,2.003122112625988e-09
21,Spain_Dataset,0,Benign,1,Potentially_Malignant,0,0.4416397511959076,0.5583602786064148,3.4168493812103407e-08
22,Spain_Dataset,0,Benign,1,Potentially_Malignant,0,0.11464818567037582,0.8853517770767212,2.024565404212808e-08
23,Spain_Dataset,0,Benign,1,Potentially_Malignant,0,0.008846105076372623,0.99115389585495,2.948207233899325e-10
24,Spain_Dataset,0,Benign,0,Benign,1,0.9612502455711365,0.034866269677877426,0.0038834388833492994
25,Spain_Dataset,0,Benign,1,Potentially_Malignant,0,0.004197224043309689,0.9958022236824036,5.97934104007436e-07
26,Spain_Dataset,0,Benign,1,Potentially_Malignant,0,0.0067707207053899765,0.9932290315628052,1.8380740129941842e-07
27,Spain_Dataset,0,Benign,1,Potentially_Malignant,0,0.4923284947872162,0.5076138377189636,5.7663084589876235e-05
28,Spain_Dataset,0,Benign,1,Potentially_Malignant,0,0.03482727333903313,0.965172529220581,1.7515901618025964e-07
29,Spain_Dataset,0,Benign,0,Benign,1,0.9995585083961487,0.00044133738265372813,7.1561387926522e-08
30,Spain_Dataset,0,Benign,0,Benign,1,0.9914406538009644,0.00844886340200901,0.00011049901513615623
31,Spain_Dataset,0,Benign,1,Potentially_Malignant,0,0.006355164106935263,0.9934951663017273,0.0001497275661677122
32,Spain_Dataset,0,Benign,1,Potentially_Malignant,0,0.009270566515624523,0.9907293915748596,2.1980526287990187e-09
33,Spain_Dataset,0,Benign,1,Potentially_Malignant,0,0.009270566515624523,0.9907293915748596,2.1980526287990187e-09
34,Spain_Dataset,0,Benign,0,Benign,1,0.788435161113739,0.21155931055545807,5.571841938944999e-06
35,Spain_Dataset,0,Benign,0,Benign,1,0.9968351721763611,0.0031628713477402925,1.9842229903588304e-06
36,Spain_Dataset,0,Benign,1,Potentially_Malignant,0,0.006968494970351458,0.99303138256073,1.3806602794375067e-07
37,Spain_Dataset,0,Benign,0,Benign,1,0.9999831914901733,1.6832604160299525e-05,1.8474516350324571e-13
38,Spain_Dataset,0,Benign,0,Benign,1,0.5298759341239929,0.46406158804893494,0.006062506698071957
39,Spain_Dataset,0,Benign,1,Potentially_Malignant,0,0.11883916705846786,0.8811599016189575,9.59959720603365e-07
40,Spain_Dataset,0,Benign,0,Benign,1,0.759219229221344,0.2407807856798172,2.5554154348128577e-09
41,Spain_Dataset,0,Benign,1,Potentially_Malignant,0,0.16086967289447784,0.8391299843788147,3.293685040262062e-07
42,Spain_Dataset,0,Benign,0,Benign,1,0.9401837587356567,0.05980635806918144,9.853654773905873e-06
43,Spain_Dataset,1,Potentially_Malignant,0,Benign,0,0.8888429403305054,0.11115703731775284,2.7491377230237646e-11
44,Spain_Dataset,1,Potentially_Malignant,0,Benign,0,0.90764319896698,0.09235415607690811,2.673913286344032e-06
45,Spain_Dataset,1,Potentially_Malignant,1,Potentially_Malignant,1,0.07554870843887329,0.9244505167007446,8.444771424365172e-07
46,Spain_Dataset,1,Potentially_Malignant,0,Benign,0,0.9999793767929077,2.060610131593421e-05,9.514397603105351e-11
47,Spain_Dataset,1,Potentially_Malignant,1,Potentially_Malignant,1,0.020592255517840385,0.9793922305107117,1.5536748833255842e-05
48,Spain_Dataset,1,Potentially_Malignant,0,Benign,0,0.5847869515419006,0.4152127802371979,2.8586717348844104e-07
49,Spain_Dataset,1,Potentially_Malignant,1,Potentially_Malignant,1,0.019495587795972824,0.9804259538650513,7.84447620389983e-05
50,Spain_Dataset,1,Potentially_Malignant,0,Benign,0,0.6491415500640869,0.35085850954055786,9.985968649206534e-12
51,Spain_Dataset,1,Potentially_Malignant,1,Potentially_Malignant,1,0.009134162217378616,0.9908644556999207,1.3917435808252776e-06
52,Spain_Dataset,1,Potentially_Malignant,1,Potentially_Malignant,1,0.004658783320337534,0.9953411817550659,1.1659991860923924e-09
53,Spain_Dataset,1,Potentially_Malignant,1,Potentially_Malignant,1,0.008010044693946838,0.9919884204864502,1.6027147466957103e-06
54,Spain_Dataset,1,Potentially_Malignant,1,Potentially_Malignant,1,0.0008071959018707275,0.9991927742958069,8.463656797630392e-08
55,Spain_Dataset,1,Potentially_Malignant,1,Potentially_Malignant,1,0.0015620533376932144,0.9984378218650818,9.183369797938212e-08
56,Spain_Dataset,1,Potentially_Malignant,0,Benign,0,0.9843175411224365,0.015682436525821686,1.413188788212949e-09
57,Spain_Dataset,1,Potentially_Malignant,0,Benign,0,0.9162229895591736,0.08377552032470703,1.5700061339884996e-06
58,Spain_Dataset,1,Potentially_Malignant,1,Potentially_Malignant,1,0.003674369305372238,0.9962994456291199,2.616040910652373e-05
59,Spain_Dataset,1,Potentially_Malignant,1,Potentially_Malignant,1,0.011859551072120667,0.9881404638290405,3.8797898227471705e-09
60,Spain_Dataset,1,Potentially_Malignant,0,Benign,0,0.9610136151313782,0.03898464888334274,1.7186623608722584e-06
61,Spain_Dataset,1,Potentially_Malignant,0,Benign,0,0.904399573802948,0.0955999568104744,4.559935291581496e-07
62,Spain_Dataset,1,Potentially_Malignant,1,Potentially_Malignant,1,0.0018324584234505892,0.9981672763824463,2.415219171325589e-07
63,Spain_Dataset,1,Potentially_Malignant,1,Potentially_Malignant,1,0.0009480442386120558,0.9990503191947937,1.568559468978492e-06
64,Spain_Dataset,1,Potentially_Malignant,1,Potentially_Malignant,1,0.0323646180331707,0.9676353335380554,5.635345079468834e-09
65,Spain_Dataset,1,Potentially_Malignant,1,Potentially_Malignant,1,0.08508643507957458,0.9149130582809448,4.861981324211229e-07
66,Spain_Dataset,1,Potentially_Malignant,1,Potentially_Malignant,1,0.003687893273308873,0.9963112473487854,8.521656127413735e-07
67,Spain_Dataset,1,Potentially_Malignant,1,Potentially_Malignant,1,0.0874987542629242,0.9125012159347534,3.5456391600519055e-08
68,Spain_Dataset,1,Potentially_Malignant,1,Potentially_Malignant,1,0.0034917700104415417,0.9965078234672546,4.4358250761433737e-07
69,Spain_Dataset,1,Potentially_Malignant,1,Potentially_Malignant,1,0.12651817500591278,0.8734815120697021,3.1583334703100263e-07
70,Spain_Dataset,1,Potentially_Malignant,1,Potentially_Malignant,1,0.01303534023463726,0.9866889119148254,0.00027577264700084925
71,Spain_Dataset,1,Potentially_Malignant,0,Benign,0,0.9090742468833923,0.09092576056718826,8.657646821674803e-10
72,Spain_Dataset,1,Potentially_Malignant,1,Potentially_Malignant,1,0.08044105768203735,0.9162929654121399,0.003265953157097101
73,Spain_Dataset,1,Potentially_Malignant,1,Potentially_Malignant,1,0.020592255517840385,0.9793922305107117,1.5536748833255842e-05
74,Spain_Dataset,1,Potentially_Malignant,1,Potentially_Malignant,1,0.031191688030958176,0.9688082337379456,4.9853344563643986e-08
75,Spain_Dataset,1,Potentially_Malignant,0,Benign,0,0.7548996806144714,0.24509085714817047,9.476849299971946e-06
76,Spain_Dataset,1,Potentially_Malignant,0,Benign,0,0.6181265711784363,0.38166821002960205,0.0002051964111160487
77,Spain_Dataset,1,Potentially_Malignant,1,Potentially_Malignant,1,0.00016881783085409552,0.9998311996459961,2.936992316016074e-11
78,Spain_Dataset,1,Potentially_Malignant,0,Benign,0,0.6654759049415588,0.33452385663986206,2.633462656831398e-07
79,Spain_Dataset,1,Potentially_Malignant,1,Potentially_Malignant,1,0.47340092062950134,0.5265990495681763,5.0122932471197146e-09
80,Spain_Dataset,1,Potentially_Malignant,0,Benign,0,0.9346503019332886,0.06534964591264725,7.256272915867612e-09
81,Spain_Dataset,2,Malignant,1,Potentially_Malignant,0,0.00040849304059520364,0.9995915293693542,3.240683810190603e-08
82,Spain_Dataset,2,Malignant,1,Potentially_Malignant,0,0.2532013952732086,0.6803643107414246,0.06643430143594742
83,Spain_Dataset,2,Malignant,0,Benign,0,0.7434832453727722,0.005225837230682373,0.2512909173965454
84,Spain_Dataset,2,Malignant,1,Potentially_Malignant,0,0.15886491537094116,0.8286753296852112,0.012459800578653812
85,Spain_Dataset,2,Malignant,1,Potentially_Malignant,0,0.18843762576580048,0.8115621209144592,2.272205108511116e-07
86,Spain_Dataset,2,Malignant,1,Potentially_Malignant,0,0.36869654059410095,0.5681102275848389,0.0631931722164154
87,Spain_Dataset,2,Malignant,0,Benign,0,0.5006598234176636,0.47577154636383057,0.023568665608763695
88,Spain_Dataset,2,Malignant,1,Potentially_Malignant,0,0.4353736340999603,0.564626157283783,1.991186024952185e-07
89,Spain_Dataset,2,Malignant,1,Potentially_Malignant,0,0.20356209576129913,0.4150494635105133,0.381388396024704
90,Spain_Dataset,2,Malignant,1,Potentially_Malignant,0,0.08681640028953552,0.8105376958847046,0.10264594107866287
91,Spain_Dataset,2,Malignant,1,Potentially_Malignant,0,0.002441719640046358,0.9972714781761169,0.0002867752918973565
92,Spain_Dataset,2,Malignant,1,Potentially_Malignant,0,0.03834107145667076,0.86907559633255,0.09258328378200531
93,Spain_Dataset,2,Malignant,2,Malignant,1,0.010884848423302174,0.0003725558053702116,0.9887425899505615
94,Spain_Dataset,2,Malignant,0,Benign,0,0.6995266675949097,0.17088766396045685,0.12958559393882751
95,Spain_Dataset,2,Malignant,2,Malignant,1,0.0013820445165038109,0.0002332102449145168,0.9983848333358765
96,Spain_Dataset,2,Malignant,2,Malignant,1,0.006078646052628756,0.0018673306331038475,0.9920539855957031
97,Spain_Dataset,2,Malignant,2,Malignant,1,0.010116704739630222,0.0017252108082175255,0.9881580471992493
98,Spain_Dataset,2,Malignant,2,Malignant,1,0.0012909319484606385,0.0001971405145013705,0.9985119700431824
99,Spain_Dataset,2,Malignant,2,Malignant,1,0.0023561054840683937,0.026048220694065094,0.9715957641601562
100,Spain_Dataset,2,Malignant,1,Potentially_Malignant,0,0.047745466232299805,0.5144197940826416,0.4378347396850586
101,Spain_Dataset,2,Malignant,1,Potentially_Malignant,0,0.031093213707208633,0.49520036578178406,0.4737064242362976
102,Spain_Dataset,2,Malignant,2,Malignant,1,0.3266298472881317,0.01617586798965931,0.6571943163871765
103,Spain_Dataset,2,Malignant,2,Malignant,1,0.38556966185569763,0.06560393422842026,0.5488263964653015
104,Spain_Dataset,2,Malignant,0,Benign,0,0.8644227385520935,0.05418185517191887,0.0813954621553421
105,Spain_Dataset,2,Malignant,1,Potentially_Malignant,0,0.2286219596862793,0.42029625177383423,0.3510817587375641
106,Canada_Dataset,0,Benign,0,Benign,1,0.9998984336853027,0.00010155785275856033,1.2287093120733061e-08
107,Canada_Dataset,0,Benign,2,Malignant,0,0.1020096018910408,2.8571490474860184e-05,0.8979618549346924
108,Canada_Dataset,0,Benign,0,Benign,1,0.9999852180480957,1.4723893400514498e-05,1.2473161392634324e-10
109,Canada_Dataset,0,Benign,0,Benign,1,0.9999997615814209,1.981084380986431e-07,2.8853222033831116e-08
110,Canada_Dataset,0,Benign,0,Benign,1,1.0,2.455957529359787e-13,4.16069539932451e-11
111,Canada_Dataset,0,Benign,0,Benign,1,1.0,3.401698478455728e-09,7.51588635078404e-12
112,Canada_Dataset,0,Benign,0,Benign,1,1.0,2.035418916745968e-10,2.560505425375681e-15
113,Canada_Dataset,0,Benign,0,Benign,1,0.9984751343727112,0.0015242875088006258,5.851036348758498e-07
114,Canada_Dataset,0,Benign,0,Benign,1,1.0,1.8083737174379166e-08,5.914549449162476e-13
115,Canada_Dataset,0,Benign,0,Benign,1,0.998873770236969,0.0011261526960879564,6.201661850724349e-09
116,Canada_Dataset,0,Benign,0,Benign,1,0.999998927116394,2.947503503492044e-07,8.112111231639574e-07
117,Canada_Dataset,0,Benign,0,Benign,1,0.9999988079071045,1.182566393254092e-06,1.5527825336300594e-12
118,Canada_Dataset,0,Benign,0,Benign,1,0.802269458770752,0.05334189906716347,0.1443886160850525
119,Canada_Dataset,0,Benign,0,Benign,1,0.9999998807907104,6.905609417628966e-09,7.575049920660604e-08
120,Canada_Dataset,0,Benign,0,Benign,1,1.0,2.319673875206263e-08,1.932562248314585e-17
121,Canada_Dataset,0,Benign,0,Benign,1,0.9824197292327881,3.738053464985569e-06,0.01757657155394554
122,Canada_Dataset,0,Benign,0,Benign,1,1.0,7.156006009978455e-09,1.2364988144497602e-08
123,Canada_Dataset,0,Benign,2,Malignant,0,0.020723981782794,4.401763726491481e-05,0.9792320728302002
124,Canada_Dataset,0,Benign,0,Benign,1,0.9951251149177551,0.00487491162493825,3.819083715939087e-09
125,Canada_Dataset,0,Benign,0,Benign,1,0.9999874830245972,1.255762890650658e-05,6.346639996857549e-16
126,Canada_Dataset,0,Benign,0,Benign,1,1.0,4.839239078902047e-11,2.606057128471537e-18
127,Canada_Dataset,0,Benign,0,Benign,1,0.8628858923912048,0.13711416721343994,8.98890947028004e-14
128,Canada_Dataset,0,Benign,0,Benign,1,0.9999991655349731,8.260207096100203e-07,1.0933390110084182e-15
129,Canada_Dataset,0,Benign,0,Benign,1,0.9994495511054993,0.00054886908037588,1.5153349295360385e-06
130,Canada_Dataset,0,Benign,0,Benign,1,1.0,6.786164863792213e-16,4.771916385935869e-15
131,Canada_Dataset,0,Benign,2,Malignant,0,0.19254563748836517,0.3827454745769501,0.42470893263816833
132,Canada_Dataset,0,Benign,0,Benign,1,0.9999730587005615,1.994492777157575e-05,7.0634168878314085e-06
133,Canada_Dataset,0,Benign,0,Benign,1,0.9996291399002075,0.00037080131005495787,5.210301981528609e-11
134,Canada_Dataset,0,Benign,0,Benign,1,1.0,2.3610134680662753e-11,2.2586664797600436e-13
135,Canada_Dataset,0,Benign,0,Benign,1,0.9999258518218994,4.320288644521497e-05,3.1016130378702655e-05
136,Canada_Dataset,0,Benign,0,Benign,1,0.9998313188552856,1.2569709895160486e-07,0.00016847881488502026
137,Canada_Dataset,0,Benign,0,Benign,1,0.9999998807907104,1.7588938305834745e-07,7.0458457895417135e-15
138,Canada_Dataset,0,Benign,0,Benign,1,1.0,7.701100228438978e-14,8.445885592463231e-13
139,Canada_Dataset,0,Benign,0,Benign,1,0.9999840259552002,1.1434161024226341e-05,4.504029675445054e-06
140,Canada_Dataset,0,Benign,0,Benign,1,0.989337682723999,0.01066235639154911,4.4192372428142335e-08
141,Canada_Dataset,0,Benign,0,Benign,1,0.9868425726890564,0.013157329522073269,7.181468220096576e-08
142,Canada_Dataset,0,Benign,0,Benign,1,0.9999997615814209,1.7983957434353215e-07,1.2100413046569843e-15
143,Canada_Dataset,0,Benign,0,Benign,1,0.9999381303787231,1.6466416127514094e-05,4.5376171328825876e-05
144,Canada_Dataset,0,Benign,2,Malignant,0,0.11522655189037323,0.028880827128887177,0.8558926582336426
145,Canada_Dataset,0,Benign,0,Benign,1,0.6019478440284729,0.39745500683784485,0.0005971856298856437
146,Canada_Dataset,0,Benign,2,Malignant,0,0.2521268427371979,0.0700831413269043,0.6777899861335754
147,Canada_Dataset,0,Benign,0,Benign,1,0.9977328777313232,0.0022671495098620653,8.684462177166452e-11
148,Canada_Dataset,0,Benign,2,Malignant,0,0.3354460895061493,0.2298557609319687,0.4346981346607208
149,Canada_Dataset,0,Benign,1,Potentially_Malignant,0,0.11983085423707962,0.8800474405288696,0.000121694291010499
150,Canada_Dataset,0,Benign,2,Malignant,0,0.44946321845054626,0.040600765496492386,0.5099360346794128
151,Canada_Dataset,0,Benign,0,Benign,1,1.0,3.497244049910364e-09,5.69966328908128e-13
152,Canada_Dataset,0,Benign,2,Malignant,0,0.0925663411617279,4.108676876057871e-06,0.9074295163154602
153,Canada_Dataset,0,Benign,0,Benign,1,1.0,4.285601387654658e-12,2.750054681134026e-20
154,Canada_Dataset,0,Benign,0,Benign,1,1.0,8.062346346093818e-10,1.706104563181654e-10
155,Canada_Dataset,0,Benign,0,Benign,1,0.937311053276062,0.00028679639217443764,0.062402110546827316
156,Canada_Dataset,0,Benign,0,Benign,1,0.9999368190765381,4.7199937398545444e-05,1.59330120368395e-05
157,Canada_Dataset,0,Benign,0,Benign,1,0.9999983310699463,6.510807448734113e-10,1.716006863716757e-06
158,Canada_Dataset,0,Benign,0,Benign,1,1.0,4.8472930558318694e-08,1.671295134257343e-16
159,Canada_Dataset,0,Benign,0,Benign,1,0.7942866086959839,0.2056756615638733,3.7690901081077754e-05
160,Canada_Dataset,0,Benign,0,Benign,1,0.9967043995857239,0.00328492047265172,1.0702844519983046e-05
161,Canada_Dataset,0,Benign,1,Potentially_Malignant,0,0.007092323619872332,0.9928593635559082,4.8360736400354654e-05
162,Canada_Dataset,0,Benign,0,Benign,1,0.9931337833404541,0.00650173332542181,0.00036446398007683456
163,Canada_Dataset,0,Benign,2,Malignant,0,0.24739526212215424,0.004659425467252731,0.7479453682899475
164,Canada_Dataset,0,Benign,0,Benign,1,0.999992847442627,7.109465059329523e-06,2.0535906308793983e-11
165,Canada_Dataset,0,Benign,0,Benign,1,1.0,5.947920489468572e-10,1.1053173486078385e-14
166,Canada_Dataset,0,Benign,0,Benign,1,0.9999796152114868,2.042436972260475e-05,1.0070535984979534e-12
167,Canada_Dataset,0,Benign,0,Benign,1,1.0,1.7045612921151587e-08,2.0805966324810576e-11
168,Canada_Dataset,0,Benign,0,Benign,1,0.9977994561195374,0.0021967138163745403,3.7894426441198448e-06
169,Canada_Dataset,0,Benign,0,Benign,1,0.9626343250274658,0.019299454987049103,0.01806625723838806
170,Canada_Dataset,0,Benign,1,Potentially_Malignant,0,0.49067988991737366,0.5093186497688293,1.4495817595161498e-06
171,Canada_Dataset,0,Benign,0,Benign,1,1.0,3.4657535175064424e-10,4.813479014250001e-20
172,Canada_Dataset,0,Benign,0,Benign,1,0.957206130027771,0.04275953769683838,3.436683618929237e-05
173,Canada_Dataset,0,Benign,2,Malignant,0,0.3937093913555145,0.024394961073994637,0.581895649433136
174,Canada_Dataset,0,Benign,2,Malignant,0,0.15928217768669128,0.011344388127326965,0.8293734192848206
175,Canada_Dataset,0,Benign,0,Benign,1,0.5235729813575745,0.47639819979667664,2.8815262339776382e-05
176,Canada_Dataset,0,Benign,1,Potentially_Malignant,0,7.577926589874551e-05,0.999920129776001,4.041466127091553e-06
177,Canada_Dataset,0,Benign,0,Benign,1,0.9999978542327881,2.1702758203900885e-06,1.1247640319123065e-10
178,Canada_Dataset,0,Benign,2,Malignant,0,0.05110509693622589,0.0036781879607588053,0.9452167749404907
179,Canada_Dataset,0,Benign,1,Potentially_Malignant,0,0.001876436173915863,0.9854140281677246,0.012709577567875385
180,Canada_Dataset,0,Benign,0,Benign,1,0.9997708201408386,6.038157351895279e-08,0.00022910397092346102
181,Canada_Dataset,0,Benign,0,Benign,1,0.9821898937225342,0.0008549651829525828,0.016955124214291573
182,Canada_Dataset,0,Benign,1,Potentially_Malignant,0,0.07015731930732727,0.9298384189605713,4.3030154301959556e-06
183,Canada_Dataset,0,Benign,2,Malignant,0,0.27888643741607666,0.1732158362865448,0.5478977560997009
184,Canada_Dataset,0,Benign,0,Benign,1,1.0,3.086009572883519e-11,8.674628376725835e-11
185,Canada_Dataset,0,Benign,1,Potentially_Malignant,0,0.053849104791879654,0.9461507797241211,5.6034927808923385e-08
186,Canada_Dataset,0,Benign,0,Benign,1,0.9998716115951538,0.00012841752322856337,5.338100838095383e-13
187,Canada_Dataset,0,Benign,0,Benign,1,0.9999979734420776,2.0539121123874793e-06,3.954258698257718e-09
188,Canada_Dataset,0,Benign,0,Benign,1,0.9950597882270813,0.004940211772918701,2.0630288588563417e-08
189,Canada_Dataset,0,Benign,0,Benign,1,1.0,4.1735113086825704e-13,2.0998354964552046e-12
190,Canada_Dataset,0,Benign,0,Benign,1,0.9999998807907104,1.1502535102181355e-07,4.603927373884875e-13
191,Canada_Dataset,0,Benign,0,Benign,1,1.0,9.182221205605856e-09,2.502649643076893e-09
192,Canada_Dataset,0,Benign,0,Benign,1,1.0,7.67878205465422e-09,2.2809760824522895e-16
193,Canada_Dataset,0,Benign,0,Benign,1,1.0,7.547424734884525e-14,4.1539528054755355e-16
194,Canada_Dataset,0,Benign,0,Benign,1,1.0,8.302406540039442e-10,8.913578637467627e-16
195,Canada_Dataset,0,Benign,1,Potentially_Malignant,0,0.41534966230392456,0.5846502780914307,5.2541949457918236e-08
196,Canada_Dataset,0,Benign,0,Benign,1,1.0,9.184502117176585e-12,9.15075862306658e-11
197,Canada_Dataset,0,Benign,0,Benign,1,1.0,1.6404147373805245e-08,2.230679863046703e-09
198,Canada_Dataset,0,Benign,0,Benign,1,1.0,8.427120112841635e-10,1.7356215076258508e-10
199,Canada_Dataset,0,Benign,0,Benign,1,0.9999995231628418,2.8631652604360625e-10,4.499589181250485e-07
200,Canada_Dataset,0,Benign,0,Benign,1,1.0,3.2386780757232e-11,4.238199960253375e-13
201,Canada_Dataset,0,Benign,0,Benign,1,1.0,1.6693089849328414e-14,8.164396722990266e-19
202,Canada_Dataset,0,Benign,0,Benign,1,1.0,7.282149883103273e-11,1.7476304713828395e-17
203,Canada_Dataset,0,Benign,0,Benign,1,0.9999998807907104,2.1904497771174647e-08,1.152351742916835e-07
204,Canada_Dataset,0,Benign,0,Benign,1,0.9999982118606567,1.7971166244024062e-06,1.3583709677911227e-11
205,Canada_Dataset,0,Benign,0,Benign,1,0.999713122844696,3.2054639831358145e-08,0.0002868403971660882
206,Canada_Dataset,0,Benign,0,Benign,1,0.9954073429107666,0.004592695273458958,8.198637324596803e-09
207,Canada_Dataset,0,Benign,0,Benign,1,0.999998927116394,1.0451680054757162e-06,3.2944578055166263e-13
208,Canada_Dataset,0,Benign,0,Benign,1,0.968265175819397,0.0015332528855651617,0.030201630666851997
209,Canada_Dataset,0,Benign,2,Malignant,0,0.00025851847021840513,4.2313726567044796e-07,0.9997410178184509
210,Canada_Dataset,0,Benign,0,Benign,1,0.9999992847442627,5.770174311692244e-07,8.558916420042806e-08
211,Canada_Dataset,0,Benign,0,Benign,1,1.0,6.120193327824319e-12,5.239231357784258e-13
212,Canada_Dataset,0,Benign,0,Benign,1,0.9994787573814392,0.0005046261940151453,1.66715635714354e-05
213,Canada_Dataset,0,Benign,0,Benign,1,0.9999855756759644,1.4425650988414418e-05,5.671300318255135e-09
214,Canada_Dataset,0,Benign,0,Benign,1,0.9999994039535522,9.625711072658305e-08,4.448100128229271e-07
215,Canada_Dataset,0,Benign,0,Benign,1,0.9619532227516174,0.038046784698963165,1.0820087936735945e-08
216,Canada_Dataset,0,Benign,0,Benign,1,0.9570766091346741,0.04283157363533974,9.185085946228355e-05
217,Canada_Dataset,0,Benign,0,Benign,1,0.9999886751174927,1.1221647582715377e-05,1.7473313107529975e-07
218,Canada_Dataset,0,Benign,0,Benign,1,0.9999996423721313,1.0120694327042656e-07,2.4468090487062e-07
219,Canada_Dataset,0,Benign,0,Benign,1,1.0,6.671654340095756e-10,3.6491947972509126e-14
220,Canada_Dataset,0,Benign,0,Benign,1,1.0,4.97918503303274e-12,4.514899738794487e-12
221,Canada_Dataset,0,Benign,0,Benign,1,1.0,4.662209462935607e-08,3.302768192270378e-08
222,Canada_Dataset,0,Benign,0,Benign,1,0.9996078610420227,0.00039220572216436267,9.733630790265124e-09
223,Canada_Dataset,0,Benign,0,Benign,1,0.9950049519538879,5.976155080134049e-05,0.004935254342854023
224,Canada_Dataset,0,Benign,0,Benign,1,1.0,5.623415687099065e-13,1.1629298218851503e-10
225,Canada_Dataset,0,Benign,1,Potentially_Malignant,0,0.045345086604356766,0.9483492374420166,0.006305705290287733
226,Canada_Dataset,0,Benign,0,Benign,1,0.9541914463043213,0.0458085834980011,2.909504281944919e-08
227,Canada_Dataset,0,Benign,0,Benign,1,1.0,4.9458300566129765e-08,4.1989844760947914e-12
228,Canada_Dataset,0,Benign,0,Benign,1,0.9948016405105591,0.004967392887920141,0.00023101171245798469
229,Canada_Dataset,0,Benign,0,Benign,1,1.0,1.6918964007572868e-08,3.918419306744598e-15
230,Canada_Dataset,0,Benign,0,Benign,1,1.0,6.389614393143006e-10,1.454079953855531e-17
231,Canada_Dataset,0,Benign,0,Benign,1,0.9916197061538696,0.008378952741622925,1.267677930627542e-06
232,Canada_Dataset,0,Benign,0,Benign,1,0.9999998807907104,8.902009795974664e-08,3.371775358917972e-10
233,Canada_Dataset,0,Benign,0,Benign,1,0.9999597072601318,4.027122849947773e-05,3.5534227470213064e-12
234,Canada_Dataset,0,Benign,0,Benign,1,0.9999878406524658,1.2187502761662472e-05,7.81125927828974e-11
235,Canada_Dataset,0,Benign,0,Benign,1,0.9999997615814209,1.8042278782104404e-07,1.3128746700896698e-10
236,Canada_Dataset,0,Benign,0,Benign,1,1.0,3.3468737115072145e-08,2.2127831511564722e-10
237,Canada_Dataset,0,Benign,2,Malignant,0,0.027160825207829475,0.008619836531579494,0.964219331741333
238,Canada_Dataset,0,Benign,0,Benign,1,1.0,2.8871460777679658e-11,2.4112933871833775e-11
239,Canada_Dataset,0,Benign,0,Benign,1,0.9999120235443115,8.795843314146623e-05,1.9277131280137638e-10
240,Canada_Dataset,0,Benign,0,Benign,1,0.9922125935554504,0.0077874199487268925,2.8344915747879895e-08
241,Canada_Dataset,0,Benign,0,Benign,1,1.0,7.157694437154305e-10,1.4016088636936708e-13
242,Canada_Dataset,0,Benign,0,Benign,1,0.9419974684715271,0.0423431396484375,0.015659447759389877
243,Canada_Dataset,0,Benign,0,Benign,1,0.9999939203262329,5.904762019781629e-06,1.1931098242712324e-07
244,Canada_Dataset,0,Benign,0,Benign,1,1.0,5.085745868882441e-08,6.807626130959351e-18
245,Canada_Dataset,0,Benign,0,Benign,1,0.9999974966049194,4.637542616592327e-08,2.4974306143121794e-06
246,Canada_Dataset,0,Benign,0,Benign,1,0.999997615814209,1.1621743567502563e-08,2.413323045402649e-06
247,Canada_Dataset,0,Benign,0,Benign,1,0.9811243414878845,0.018603680655360222,0.0002720367338042706
248,Canada_Dataset,0,Benign,0,Benign,1,0.9999881982803345,1.1704314601956867e-05,1.0549499762646519e-07
249,Canada_Dataset,0,Benign,0,Benign,1,0.9999996423721313,3.0952344332035864e-07,2.941477816875704e-08
250,Canada_Dataset,0,Benign,0,Benign,1,0.9999998807907104,1.3818518596053764e-07,4.384240470667322e-10
251,Canada_Dataset,0,Benign,0,Benign,1,0.9999836683273315,1.6362047972506844e-05,3.721076398399692e-12
252,Canada_Dataset,0,Benign,0,Benign,1,0.5077544450759888,0.4922455847263336,2.595722037312953e-08
253,Canada_Dataset,0,Benign,0,Benign,1,1.0,4.7242703971051014e-08,1.7100765790402372e-13
254,Canada_Dataset,0,Benign,0,Benign,1,0.9999998807907104,9.428956815327183e-08,2.2872663762996126e-09
255,Canada_Dataset,0,Benign,0,Benign,1,0.9999990463256836,8.66872426286136e-07,7.382074329598254e-08
256,Canada_Dataset,0,Benign,0,Benign,1,0.999998927116394,1.0445263569636154e-06,1.1675694878036e-17
257,Canada_Dataset,0,Benign,1,Potentially_Malignant,0,0.3985210657119751,0.6014787554740906,1.309546604488787e-07
258,Canada_Dataset,0,Benign,0,Benign,1,0.9999943971633911,5.633656655845698e-06,5.449757940929889e-13
259,Canada_Dataset,0,Benign,0,Benign,1,1.0,2.689959144319687e-09,5.544178939727307e-13
260,Canada_Dataset,0,Benign,0,Benign,1,0.8231307864189148,0.17644783854484558,0.00042149375076405704
261,Canada_Dataset,0,Benign,0,Benign,1,0.9006935954093933,0.09904912859201431,0.00025728472974151373
262,Canada_Dataset,0,Benign,0,Benign,1,0.9999781847000122,2.1776773792225868e-05,5.9707656596685865e-09
263,Canada_Dataset,0,Benign,1,Potentially_Malignant,0,0.05174511298537254,0.9482547640800476,6.497062088328676e-08
264,Canada_Dataset,0,Benign,0,Benign,1,0.9826611876487732,0.017335599288344383,3.2313234896719223e-06
265,Canada_Dataset,0,Benign,0,Benign,1,0.45429727435112,0.21774069964885712,0.32796207070350647
266,Canada_Dataset,0,Benign,0,Benign,1,1.0,2.013349487128835e-09,2.6321578482080537e-15
267,Canada_Dataset,0,Benign,0,Benign,1,1.0,9.411380095386557e-13,2.6233012076050653e-19
268,Canada_Dataset,0,Benign,1,Potentially_Malignant,0,0.21282440423965454,0.7871747016906738,9.377975516144943e-07
269,Canada_Dataset,0,Benign,0,Benign,1,0.9999998807907104,9.632694997208091e-08,6.5784435190896495e-12
270,Canada_Dataset,0,Benign,0,Benign,1,1.0,1.3474985571804154e-08,4.8393721972659603e-17
271,Canada_Dataset,0,Benign,0,Benign,1,0.9999995231628418,5.249537480267463e-07,1.40345770560657e-08
272,Canada_Dataset,0,Benign,0,Benign,1,0.9999845027923584,6.096157534329905e-08,1.535879164293874e-05
273,Canada_Dataset,0,Benign,0,Benign,1,1.0,2.0725425819989596e-09,3.7363640827126066e-12
274,Canada_Dataset,0,Benign,0,Benign,1,0.9999998807907104,7.187799155872199e-08,1.372551464845495e-11
275,Canada_Dataset,0,Benign,0,Benign,1,0.9999319314956665,6.800582923460752e-05,9.971999892499639e-10
276,Canada_Dataset,0,Benign,0,Benign,1,0.9999237060546875,7.379776070592925e-05,2.4671687697264133e-06
277,Canada_Dataset,0,Benign,0,Benign,1,1.0,4.752372939620386e-10,1.5103726375056276e-13
278,Canada_Dataset,0,Benign,0,Benign,1,0.9999963045120239,3.5581008432927774e-06,6.811883679347375e-08
279,Canada_Dataset,0,Benign,0,Benign,1,0.9999997615814209,2.0067567163550848e-07,2.689613254336365e-10
280,Canada_Dataset,0,Benign,0,Benign,1,0.9999994039535522,5.370516191760544e-07,2.181216984808998e-09
281,Canada_Dataset,0,Benign,0,Benign,1,0.58232182264328,2.0009581191970938e-07,0.41767796874046326
282,Canada_Dataset,0,Benign,0,Benign,1,0.9997920393943787,9.871465590549633e-05,0.00010928612755378708
283,Canada_Dataset,0,Benign,0,Benign,1,1.0,3.5399228687227335e-11,2.0100585820266606e-19
284,Canada_Dataset,0,Benign,0,Benign,1,0.9999954700469971,4.574573722493369e-06,6.5041527719245096e-09
285,Canada_Dataset,0,Benign,0,Benign,1,0.9999990463256836,8.875913408701308e-07,1.1204546268572813e-07
286,Canada_Dataset,0,Benign,0,Benign,1,0.9997473359107971,0.00015564424393232912,9.706142009235919e-05
287,Canada_Dataset,0,Benign,0,Benign,1,1.0,5.728184311430684e-13,1.0754125115918466e-15
288,Canada_Dataset,0,Benign,0,Benign,1,1.0,1.5795056929057694e-10,7.320719142001053e-09
289,Canada_Dataset,0,Benign,0,Benign,1,1.0,4.927652175190644e-10,1.761467013916551e-11
290,Canada_Dataset,0,Benign,0,Benign,1,0.954479455947876,0.04552042484283447,9.241117737701643e-08
291,Canada_Dataset,0,Benign,0,Benign,1,0.6736552715301514,0.3254622519016266,0.0008824727847240865
292,Canada_Dataset,0,Benign,0,Benign,1,0.9999998807907104,1.5896509353297006e-07,2.3873795735457337e-13
293,Canada_Dataset,0,Benign,0,Benign,1,1.0,2.355788361694394e-13,7.604088465022936e-16
294,Canada_Dataset,0,Benign,0,Benign,1,1.0,3.194467979028559e-08,4.092209071604458e-10
295,Canada_Dataset,0,Benign,0,Benign,1,0.9994262456893921,0.0005712570855394006,2.491302211637958e-06
296,Canada_Dataset,0,Benign,0,Benign,1,0.9999978542327881,1.9434571640886134e-06,2.445244433602056e-07
297,Canada_Dataset,0,Benign,0,Benign,1,0.9999923706054688,7.3388910095673054e-06,2.7889188913832186e-07
298,Canada_Dataset,0,Benign,0,Benign,1,0.9289107322692871,0.07108741998672485,1.9354233700141776e-06
299,Canada_Dataset,0,Benign,0,Benign,1,0.9999996423721313,3.6021856431034394e-07,4.099431905046913e-11
300,Canada_Dataset,0,Benign,0,Benign,1,0.9998608827590942,0.00013909746485296637,1.039864028218318e-10
301,Canada_Dataset,0,Benign,0,Benign,1,1.0,3.65671326552075e-10,1.3511260166243488e-10
302,Canada_Dataset,0,Benign,0,Benign,1,1.0,7.665936462009082e-12,7.251552331700994e-13
303,Canada_Dataset,0,Benign,0,Benign,1,0.9937416911125183,0.006255083717405796,3.1585498163622105e-06
304,Canada_Dataset,0,Benign,0,Benign,1,0.9999959468841553,4.007359621027717e-06,7.43995756734449e-17
305,Canada_Dataset,0,Benign,0,Benign,1,0.9355560541152954,0.06444396823644638,7.616013375510988e-10
306,Canada_Dataset,0,Benign,0,Benign,1,0.996579110622406,0.003420908935368061,8.22201595696015e-09
307,Canada_Dataset,0,Benign,1,Potentially_Malignant,0,0.02799036353826523,0.9720095992088318,2.5239799139598063e-09
308,Canada_Dataset,0,Benign,0,Benign,1,0.9999735355377197,2.6502671971684322e-05,8.296713538413769e-09
309,Canada_Dataset,0,Benign,0,Benign,1,0.9999605417251587,3.85349994758144e-05,9.557871862853062e-07
310,Canada_Dataset,0,Benign,1,Potentially_Malignant,0,0.0013117589987814426,0.998688280582428,4.602671577202955e-09
311,Canada_Dataset,0,Benign,0,Benign,1,0.9999992847442627,7.457303468072496e-07,1.0407108508303509e-09
312,Canada_Dataset,0,Benign,0,Benign,1,0.999996542930603,3.4744721233437303e-06,1.643773311910124e-11
313,Canada_Dataset,0,Benign,0,Benign,1,0.9873780608177185,2.8333627000165507e-08,0.012621911242604256
314,Canada_Dataset,0,Benign,0,Benign,1,1.0,9.346302398682838e-09,1.2871440802086909e-08
315,Canada_Dataset,0,Benign,0,Benign,1,1.0,3.790414163096223e-12,1.5699402888813552e-09
316,Canada_Dataset,0,Benign,0,Benign,1,1.0,5.484646625752987e-10,1.0004168581869907e-13
317,Canada_Dataset,0,Benign,0,Benign,1,1.0,6.870891355870157e-11,4.4884904820685634e-11
318,Canada_Dataset,0,Benign,0,Benign,1,1.0,7.161016668533193e-09,1.3092608594500454e-11
319,Canada_Dataset,0,Benign,0,Benign,1,0.9999620914459229,3.7942692870274186e-05,3.096402245716945e-09
320,Canada_Dataset,0,Benign,0,Benign,1,1.0,1.1697867119409011e-09,4.3333883148477526e-09
321,Canada_Dataset,0,Benign,0,Benign,1,0.7533645033836365,0.24659912288188934,3.634322274592705e-05
322,Canada_Dataset,0,Benign,0,Benign,1,0.9898008704185486,0.010083160363137722,0.00011594367970246822
323,Canada_Dataset,0,Benign,0,Benign,1,0.9999966621398926,3.3392013847333146e-06,1.2657308361141428e-11
324,Canada_Dataset,0,Benign,2,Malignant,0,0.08406508713960648,2.5179288059007376e-06,0.9159324169158936
325,Canada_Dataset,0,Benign,0,Benign,1,1.0,2.4150701438685473e-09,4.646406643701753e-16
326,Canada_Dataset,0,Benign,0,Benign,1,0.998473584651947,0.0011742973001673818,0.0003520722093526274
327,Canada_Dataset,0,Benign,0,Benign,1,0.9999995231628418,1.794121260445536e-07,2.4018575572881673e-07
328,Canada_Dataset,0,Benign,0,Benign,1,0.999114453792572,0.00088550616055727,1.4466990272410385e-08
329,Canada_Dataset,0,Benign,0,Benign,1,0.9999995231628418,5.322786478245689e-07,6.317345084549952e-12
330,Canada_Dataset,0,Benign,0,Benign,1,1.0,8.494510650436382e-10,3.8223838970310314e-14
331,Canada_Dataset,0,Benign,0,Benign,1,0.9854463338851929,0.014553649351000786,5.145702960951404e-11
332,Canada_Dataset,0,Benign,0,Benign,1,1.0,7.0016958897412e-10,3.917141958020842e-11
333,Canada_Dataset,0,Benign,0,Benign,1,0.9996373653411865,0.0003626766847446561,2.514508878892485e-10
334,Canada_Dataset,0,Benign,0,Benign,1,1.0,4.579432832940711e-09,2.6979787848269154e-10
335,Canada_Dataset,0,Benign,0,Benign,1,1.0,8.016535352206589e-12,2.0135816625188596e-11
336,Canada_Dataset,0,Benign,0,Benign,1,1.0,3.281380056563421e-09,8.858560995861353e-09
337,Canada_Dataset,0,Benign,1,Potentially_Malignant,0,0.005566397216171026,0.994433581829071,1.0724935384232026e-09
338,Canada_Dataset,0,Benign,0,Benign,1,0.9999984502792358,1.5114678717509378e-06,1.4555285416609914e-14
339,Canada_Dataset,0,Benign,0,Benign,1,1.0,2.1741779487882695e-09,1.3686067194159366e-15
340,Canada_Dataset,0,Benign,0,Benign,1,1.0,9.350278773467835e-09,2.495565143423306e-10
341,Canada_Dataset,0,Benign,0,Benign,1,0.9997208714485168,0.0002789722057059407,9.832444192170442e-08
342,Canada_Dataset,0,Benign,0,Benign,1,1.0,2.706379564898498e-10,8.907525383961001e-09
343,Canada_Dataset,0,Benign,0,Benign,1,0.9993078708648682,0.0004948701825924218,0.00019723427249118686
344,Canada_Dataset,0,Benign,0,Benign,1,0.9999998807907104,1.4388814406629535e-07,7.98050445172116e-11
345,Canada_Dataset,0,Benign,0,Benign,1,1.0,3.55594442780216e-09,3.602769937851441e-17
346,Canada_Dataset,0,Benign,0,Benign,1,1.0,9.2815497509946e-09,1.2113612566127699e-17
347,Canada_Dataset,0,Benign,0,Benign,1,0.9999992847442627,7.21210540177708e-07,1.8330699371599257e-12
348,Canada_Dataset,0,Benign,0,Benign,1,1.0,6.740112024061773e-09,4.620649973752222e-10
349,Canada_Dataset,0,Benign,0,Benign,1,0.9999998807907104,1.4267298809045315e-07,2.2110393377294812e-11
350,Canada_Dataset,0,Benign,0,Benign,1,0.9998694658279419,0.00013050160487182438,4.307750245402531e-08
351,Canada_Dataset,0,Benign,0,Benign,1,0.9482660293579102,0.05172405391931534,9.895660696201958e-06
352,Canada_Dataset,0,Benign,0,Benign,1,0.7891192436218262,0.2108808010816574,5.361313060170403e-10
353,Canada_Dataset,0,Benign,0,Benign,1,0.7522042989730835,0.247793048620224,2.734802819759352e-06
354,Canada_Dataset,0,Benign,0,Benign,1,0.9736729264259338,2.6601362606015755e-06,0.02632436901330948
355,Canada_Dataset,0,Benign,0,Benign,1,0.9997103810310364,0.00028962770011276007,1.0896742709542995e-11
356,Canada_Dataset,0,Benign,0,Benign,1,0.979393720626831,0.02057660184800625,2.9662025553989224e-05
357,Canada_Dataset,0,Benign,0,Benign,1,0.9999788999557495,2.10641956073232e-05,1.1826091050447934e-14
358,Canada_Dataset,0,Benign,0,Benign,1,1.0,1.7548304823145067e-11,2.2551183265066312e-14
359,Canada_Dataset,0,Benign,0,Benign,1,0.9631295800209045,0.03673297539353371,0.00013744608440902084
360,Canada_Dataset,0,Benign,0,Benign,1,0.9897089600563049,0.010290700942277908,3.204890788310877e-07
361,Canada_Dataset,0,Benign,0,Benign,1,0.9999982118606567,1.7684501472103875e-06,1.1124201603276984e-13
362,Canada_Dataset,0,Benign,0,Benign,1,1.0,1.6032199179338846e-10,5.348793630233217e-10
363,Canada_Dataset,0,Benign,1,Potentially_Malignant,0,0.22647060453891754,0.7508620023727417,0.022667361423373222
364,Canada_Dataset,0,Benign,0,Benign,1,0.9999998807907104,1.6844076355937432e-07,1.7131960780569777e-11
365,Canada_Dataset,0,Benign,0,Benign,1,0.9238712787628174,0.0761132538318634,1.5440878996741958e-05
366,Canada_Dataset,0,Benign,0,Benign,1,0.997908353805542,5.233733091358772e-08,0.002091711387038231
367,Canada_Dataset,0,Benign,0,Benign,1,1.0,2.1740316491491996e-10,6.642636083792038e-15
368,Canada_Dataset,0,Benign,0,Benign,1,0.9995521903038025,0.0004476444737520069,1.4716421503635502e-07
369,Canada_Dataset,0,Benign,0,Benign,1,0.9994458556175232,0.0005503477295860648,3.871758053719532e-06
370,Canada_Dataset,0,Benign,0,Benign,1,1.0,8.53452508317587e-14,8.387790346997808e-16
371,Canada_Dataset,0,Benign,0,Benign,1,0.9999152421951294,8.111687930068001e-05,3.592644816308166e-06
372,Canada_Dataset,0,Benign,0,Benign,1,0.9996877908706665,0.0003093258710578084,2.8286674478295026e-06
373,Canada_Dataset,0,Benign,0,Benign,1,0.9999618530273438,3.418833102841745e-06,3.472289608907886e-05
374,Canada_Dataset,0,Benign,0,Benign,1,0.6756348013877869,0.32436516880989075,1.1437736979758029e-08
375,Canada_Dataset,0,Benign,1,Potentially_Malignant,0,0.2054228037595749,0.7945760488510132,1.1012011782440823e-06
376,Canada_Dataset,0,Benign,0,Benign,1,0.9999998807907104,4.1043873855173274e-10,1.2135804183799337e-07
377,Canada_Dataset,0,Benign,0,Benign,1,0.9961148500442505,0.003807668574154377,7.742043817415833e-05
378,Canada_Dataset,0,Benign,0,Benign,1,0.9998645782470703,3.3246479347326385e-07,0.00013509354903362691
379,Canada_Dataset,0,Benign,0,Benign,1,0.9950575828552246,0.004942427389323711,6.84547352136633e-09
380,Canada_Dataset,0,Benign,0,Benign,1,0.9999425411224365,1.4850241036867828e-08,5.74750047235284e-05
381,Canada_Dataset,0,Benign,1,Potentially_Malignant,0,0.2775610387325287,0.7222641110420227,0.00017487001605331898
382,Canada_Dataset,0,Benign,0,Benign,1,0.9965198040008545,0.0029585871379822493,0.0005216363351792097
383,Canada_Dataset,0,Benign,0,Benign,1,0.9984815716743469,0.001518407603725791,8.09898648146401e-10
384,Canada_Dataset,0,Benign,0,Benign,1,1.0,9.643740028764114e-09,9.374917508964131e-10
385,Canada_Dataset,0,Benign,0,Benign,1,0.9999998807907104,7.200532792239756e-08,4.4682824107411534e-10
386,Canada_Dataset,0,Benign,0,Benign,1,0.9956768155097961,2.131698784069158e-05,0.004301766399294138
387,Canada_Dataset,0,Benign,0,Benign,1,1.0,5.474779518621631e-10,1.7110970165724534e-14
388,Canada_Dataset,0,Benign,0,Benign,1,0.9998326301574707,0.0001669498160481453,4.096832810773776e-07
389,Canada_Dataset,0,Benign,0,Benign,1,0.96952885389328,0.0001242098369402811,0.03034687228500843
390,Canada_Dataset,0,Benign,0,Benign,1,0.9999828338623047,1.7204973119078204e-05,6.235031380086298e-10
391,Canada_Dataset,0,Benign,1,Potentially_Malignant,0,0.3207722306251526,0.6792266368865967,1.132987677010533e-06
392,Canada_Dataset,0,Benign,1,Potentially_Malignant,0,0.19747380912303925,0.7670180797576904,0.035508137196302414
393,Canada_Dataset,0,Benign,0,Benign,1,1.0,4.866158032079682e-10,1.4517670621216894e-08
394,Canada_Dataset,0,Benign,0,Benign,1,0.8167586326599121,0.18314801156520844,9.332239278592169e-05
395,Canada_Dataset,0,Benign,0,Benign,1,0.9991495609283447,0.0008504753350280225,8.75099726016515e-09
396,Canada_Dataset,0,Benign,0,Benign,1,1.0,2.3683506711336122e-08,1.0007008416357266e-10
397,Canada_Dataset,0,Benign,0,Benign,1,0.99978107213974,0.00021892855875194073,8.981800153347146e-15
398,Canada_Dataset,0,Benign,0,Benign,1,0.9999676942825317,1.6917047105380334e-06,3.0642826459370553e-05
399,Canada_Dataset,0,Benign,0,Benign,1,0.9999686479568481,1.4299702115749824e-06,2.990062967000995e-05
400,Canada_Dataset,0,Benign,0,Benign,1,0.7256775498390198,0.2742941677570343,2.8321510399109684e-05
401,Canada_Dataset,0,Benign,0,Benign,1,1.0,1.0518992343833133e-09,2.8446116573377367e-09
402,Canada_Dataset,0,Benign,0,Benign,1,0.9999862909317017,1.367827644571662e-05,6.775418239153043e-15
403,Canada_Dataset,1,Potentially_Malignant,2,Malignant,0,0.007397077511996031,0.012169172056019306,0.9804336428642273
404,Canada_Dataset,1,Potentially_Malignant,1,Potentially_Malignant,1,0.17430837452411652,0.8256893754005432,2.1930402454017894e-06
405,Canada_Dataset,1,Potentially_Malignant,0,Benign,0,1.0,8.58937712622243e-11,3.78102400072785e-21
406,Canada_Dataset,1,Potentially_Malignant,1,Potentially_Malignant,1,0.0004664355656132102,0.9995322227478027,1.3532788898373838e-06
407,Canada_Dataset,1,Potentially_Malignant,1,Potentially_Malignant,1,0.13075454533100128,0.8687313199043274,0.000514125160407275
408,Canada_Dataset,1,Potentially_Malignant,1,Potentially_Malignant,1,0.21481430530548096,0.7851854562759399,2.7365035748516675e-07
409,Canada_Dataset,1,Potentially_Malignant,0,Benign,0,0.9939666986465454,0.00571490777656436,0.00031840981682762504
410,Canada_Dataset,1,Potentially_Malignant,1,Potentially_Malignant,1,0.2622285783290863,0.7375502586364746,0.000221179288928397
411,Canada_Dataset,1,Potentially_Malignant,0,Benign,0,0.9997041821479797,0.0002958366530947387,8.916769774804101e-13
412,Canada_Dataset,1,Potentially_Malignant,1,Potentially_Malignant,1,2.3427948690368794e-05,0.9999762773513794,2.4829256517477916e-07
413,Canada_Dataset,1,Potentially_Malignant,0,Benign,0,0.9998794794082642,0.00012048236385453492,1.2827969242401593e-10
414,Canada_Dataset,1,Potentially_Malignant,1,Potentially_Malignant,1,0.03910334035754204,0.9608185291290283,7.808136433595791e-05
415,Canada_Dataset,1,Potentially_Malignant,0,Benign,0,0.5050070285797119,0.4949842095375061,8.726149644644465e-06
416,Canada_Dataset,1,Potentially_Malignant,0,Benign,0,0.9560243487358093,0.043781641870737076,0.00019391690148040652
417,Canada_Dataset,1,Potentially_Malignant,0,Benign,0,0.9984110593795776,0.0015889292117208242,1.438338787266777e-13
418,Canada_Dataset,1,Potentially_Malignant,1,Potentially_Malignant,1,0.007328614126890898,0.9926713705062866,2.8211818658974153e-08
419,Canada_Dataset,1,Potentially_Malignant,1,Potentially_Malignant,1,0.1942400187253952,0.8057600259780884,1.7176128574991623e-11
420,Canada_Dataset,1,Potentially_Malignant,0,Benign,0,0.8374624848365784,0.0014926777221262455,0.16104476153850555
421,Canada_Dataset,1,Potentially_Malignant,0,Benign,0,0.9999779462814331,2.207437137258239e-05,4.723058211197895e-08
422,Canada_Dataset,1,Potentially_Malignant,0,Benign,0,0.9999960660934448,3.7311974665499292e-06,2.9014717028985615e-07
423,Canada_Dataset,1,Potentially_Malignant,1,Potentially_Malignant,1,0.02420106530189514,0.9757988452911377,5.991027762775047e-08
424,Canada_Dataset,1,Potentially_Malignant,1,Potentially_Malignant,1,0.1425301730632782,0.8574653267860413,4.554703536996385e-06
425,Canada_Dataset,1,Potentially_Malignant,0,Benign,0,0.5747007727622986,0.19465242326259613,0.2306467741727829
426,Canada_Dataset,1,Potentially_Malignant,0,Benign,0,0.9197849631309509,0.07993121445178986,0.0002839108929038048
427,Canada_Dataset,1,Potentially_Malignant,0,Benign,0,0.9998693466186523,0.0001306909107370302,1.4728708030986581e-08
428,Canada_Dataset,1,Potentially_Malignant,0,Benign,0,0.8513450026512146,0.060252752155065536,0.08840223401784897
429,Canada_Dataset,1,Potentially_Malignant,0,Benign,0,0.9999997615814209,5.589162466179687e-10,1.7993083645251318e-07
430,Canada_Dataset,1,Potentially_Malignant,1,Potentially_Malignant,1,0.23558568954467773,0.7642776966094971,0.00013663677964359522
431,Canada_Dataset,1,Potentially_Malignant,1,Potentially_Malignant,1,0.015932200476527214,0.9840559959411621,1.1843910215247888e-05
432,Canada_Dataset,1,Potentially_Malignant,0,Benign,0,0.9809378981590271,0.01256643794476986,0.006495680660009384
433,Canada_Dataset,1,Potentially_Malignant,0,Benign,0,0.8715621829032898,0.12053070962429047,0.007907107472419739
434,Canada_Dataset,1,Potentially_Malignant,0,Benign,0,0.9977333545684814,0.00011023076513083652,0.0021563342306762934
435,Canada_Dataset,1,Potentially_Malignant,1,Potentially_Malignant,1,7.637291128048673e-05,0.9999215602874756,2.0092568320251303e-06
436,Canada_Dataset,1,Potentially_Malignant,1,Potentially_Malignant,1,9.807909373193979e-05,0.9999017715454102,1.5013542054020945e-07
437,Canada_Dataset,1,Potentially_Malignant,0,Benign,0,0.9998389482498169,0.00016086053801700473,9.758195318454455e-08
438,Canada_Dataset,1,Potentially_Malignant,0,Benign,0,0.9967697858810425,0.003230286994948983,4.2285428492050414e-08
439,Canada_Dataset,1,Potentially_Malignant,2,Malignant,0,0.006472383160144091,0.003472551004961133,0.9900550842285156
440,Canada_Dataset,1,Potentially_Malignant,1,Potentially_Malignant,1,0.25523218512535095,0.7447617650032043,6.022984507580986e-06
441,Canada_Dataset,1,Potentially_Malignant,0,Benign,0,0.9926376342773438,0.007362241391092539,7.397017753874024e-08
442,Canada_Dataset,1,Potentially_Malignant,1,Potentially_Malignant,1,1.2021542715956457e-05,0.9999879598617554,6.573664529385681e-11
443,Canada_Dataset,1,Potentially_Malignant,1,Potentially_Malignant,1,0.005543954204767942,0.9944561123847961,1.003015587253131e-10
444,Canada_Dataset,1,Potentially_Malignant,0,Benign,0,0.9999796152114868,2.0328103346400894e-05,1.7858072354215437e-08
445,Canada_Dataset,1,Potentially_Malignant,1,Potentially_Malignant,1,0.0012035544496029615,0.998794674873352,1.6930980564211495e-06
446,Canada_Dataset,1,Potentially_Malignant,0,Benign,0,0.5327423810958862,0.46722611784935,3.1492374546360224e-05
447,Canada_Dataset,1,Potentially_Malignant,1,Potentially_Malignant,1,0.00011173275561304763,0.9998883008956909,5.370976666890792e-12
448,Canada_Dataset,1,Potentially_Malignant,0,Benign,0,1.0,2.9426727721215684e-09,4.5721429420275683e-10
449,Canada_Dataset,1,Potentially_Malignant,0,Benign,0,0.9998413324356079,0.00015784980496391654,8.780563121035811e-07
450,Canada_Dataset,1,Potentially_Malignant,0,Benign,0,0.9999743700027466,2.4766708520473912e-05,7.943732498461031e-07
451,Canada_Dataset,1,Potentially_Malignant,0,Benign,0,0.9666484594345093,0.033351339399814606,2.485882077962742e-07
452,Canada_Dataset,1,Potentially_Malignant,0,Benign,0,0.9999995231628418,5.335496666702966e-07,6.543416338416564e-15
453,Canada_Dataset,1,Potentially_Malignant,1,Potentially_Malignant,1,0.020654629915952682,0.9793089628219604,3.6363519029691815e-05
454,Canada_Dataset,1,Potentially_Malignant,0,Benign,0,0.9962658286094666,0.0037126915995031595,2.1527561330003664e-05
455,Canada_Dataset,1,Potentially_Malignant,0,Benign,0,0.9874060750007629,0.012590362690389156,3.529793275447446e-06
456,Canada_Dataset,1,Potentially_Malignant,1,Potentially_Malignant,1,0.08761154115200043,0.9123883247375488,9.921222243747252e-08
457,Canada_Dataset,1,Potentially_Malignant,0,Benign,0,0.9766016602516174,0.018813900649547577,0.0045843408443033695
458,Canada_Dataset,1,Potentially_Malignant,1,Potentially_Malignant,1,0.06295143067836761,0.9370481967926025,4.0486187913302274e-07
459,Canada_Dataset,1,Potentially_Malignant,1,Potentially_Malignant,1,0.0612405501306057,0.938759446144104,1.2993096376590074e-08
460,Canada_Dataset,1,Potentially_Malignant,1,Potentially_Malignant,1,0.0015039099380373955,0.9984960556030273,3.430611350552226e-11
461,Canada_Dataset,1,Potentially_Malignant,1,Potentially_Malignant,1,7.300353900063783e-06,0.9999927282333374,1.8967076798048765e-08
462,Canada_Dataset,1,Potentially_Malignant,0,Benign,0,1.0,4.177798731963556e-12,1.2834903306925976e-17
463,Canada_Dataset,1,Potentially_Malignant,0,Benign,0,0.9997771382331848,0.00022260553669184446,2.3702529006186523e-07
464,Canada_Dataset,1,Potentially_Malignant,0,Benign,0,0.9976117610931396,0.002337532816454768,5.0638238462852314e-05
465,Canada_Dataset,1,Potentially_Malignant,0,Benign,0,0.9281296133995056,0.07187027484178543,1.5077480952641054e-07
466,Canada_Dataset,2,Malignant,0,Benign,0,0.9999676942825317,3.7450517993420362e-06,2.8563914383994415e-05
467,Canada_Dataset,2,Malignant,0,Benign,0,0.9999464750289917,5.182421955396421e-05,1.6420972315245308e-06
468,Canada_Dataset,2,Malignant,2,Malignant,1,0.0551428459584713,1.2832342690671794e-06,0.9448559880256653
469,Canada_Dataset,2,Malignant,0,Benign,0,0.9999884366989136,3.7552416642938624e-07,1.1176009138580412e-05
470,Canada_Dataset,2,Malignant,0,Benign,0,0.9920377731323242,0.005994789768010378,0.0019673663191497326
471,Canada_Dataset,2,Malignant,0,Benign,0,0.8156086802482605,6.36935737929889e-07,0.1843906044960022
472,Canada_Dataset,2,Malignant,2,Malignant,1,0.00010843032941920683,6.52042263027397e-06,0.9998849630355835
473,Canada_Dataset,2,Malignant,2,Malignant,1,0.00010689092596294358,3.098324027894783e-11,0.999893069267273
474,Canada_Dataset,2,Malignant,2,Malignant,1,0.2639384865760803,0.0010621092515066266,0.7349993586540222
475,Canada_Dataset,2,Malignant,0,Benign,0,0.9931946992874146,0.00019312887161504477,0.0066121951676905155
476,Canada_Dataset,2,Malignant,2,Malignant,1,0.0014902654802426696,2.624793523864355e-06,0.9985070824623108
477,Canada_Dataset,2,Malignant,2,Malignant,1,0.0034434664994478226,9.590188199126715e-09,0.9965565204620361
478,Canada_Dataset,2,Malignant,0,Benign,0,0.6380276083946228,2.523395960452035e-05,0.36194711923599243
479,Canada_Dataset,2,Malignant,0,Benign,0,0.999987006187439,2.821700650912362e-09,1.2970883290108759e-05
480,Canada_Dataset,2,Malignant,0,Benign,0,0.9999178647994995,4.945433829561807e-06,7.726176409050822e-05
481,Canada_Dataset,2,Malignant,2,Malignant,1,0.0011253724806010723,3.9100500544009265e-06,0.9988706707954407
482,Canada_Dataset,2,Malignant,2,Malignant,1,0.27867433428764343,8.214987610699609e-05,0.7212435007095337
483,Canada_Dataset,2,Malignant,0,Benign,0,0.8175126314163208,0.002490886254236102,0.1799965649843216
484,Canada_Dataset,2,Malignant,2,Malignant,1,0.02703653648495674,0.0015085604973137379,0.9714548587799072
485,Canada_Dataset,2,Malignant,2,Malignant,1,2.6225604798923996e-08,1.0684463296745106e-12,1.0
486,Canada_Dataset,2,Malignant,2,Malignant,1,4.091818828211302e-10,3.0359798876278266e-12,1.0
487,Canada_Dataset,2,Malignant,0,Benign,0,0.5422419309616089,0.009338408708572388,0.4484196901321411
488,Canada_Dataset,2,Malignant,2,Malignant,1,6.690584086754825e-07,1.6077738099196104e-12,0.9999992847442627
489,Canada_Dataset,2,Malignant,2,Malignant,1,0.0031688096933066845,3.1306193193358922e-09,0.9968312382698059
490,Canada_Dataset,2,Malignant,0,Benign,0,0.9933832287788391,8.622127097623888e-06,0.0066081443801522255
491,Canada_Dataset,2,Malignant,0,Benign,0,0.9907358288764954,0.009245475754141808,1.867556420620531e-05
492,Canada_Dataset,2,Malignant,2,Malignant,1,0.002120660152286291,1.6007625447400642e-07,0.9978792667388916
493,Canada_Dataset,2,Malignant,2,Malignant,1,1.4138907317828853e-05,2.595578751929395e-10,0.9999858140945435
494,Canada_Dataset,2,Malignant,0,Benign,0,0.9017833471298218,0.0451643206179142,0.05305231735110283
495,Canada_Dataset,2,Malignant,2,Malignant,1,1.0104653483722359e-05,2.1904473790357315e-09,0.9999898672103882
496,Canada_Dataset,2,Malignant,2,Malignant,1,0.12734626233577728,7.892712687862513e-07,0.8726528882980347
497,Canada_Dataset,2,Malignant,0,Benign,0,0.9969239830970764,1.1607306049654653e-07,0.0030758739449083805
498,Canada_Dataset,2,Malignant,0,Benign,0,0.9984470009803772,5.7878602092387155e-05,0.001495223492383957
499,Canada_Dataset,2,Malignant,1,Potentially_Malignant,0,0.000104034501418937,0.9998816251754761,1.4378458217834122e-05
500,Canada_Dataset,2,Malignant,2,Malignant,1,0.00021243457740638405,1.2958405459784217e-09,0.9997876286506653
501,Canada_Dataset,2,Malignant,0,Benign,0,0.7416247725486755,3.648495476227254e-05,0.2583387494087219
502,Canada_Dataset,2,Malignant,2,Malignant,1,0.004936903715133667,3.258910874137655e-05,0.995030403137207
503,Canada_Dataset,2,Malignant,1,Potentially_Malignant,0,0.00014905695570632815,0.9975767731666565,0.0022741493303328753
504,Canada_Dataset,2,Malignant,2,Malignant,1,8.917362968917722e-14,1.481897298563017e-20,1.0
505,India_Dataset,0,Benign,2,Malignant,0,0.003953701350837946,0.022771943360567093,0.9732743501663208
506,India_Dataset,0,Benign,2,Malignant,0,8.783618977759033e-05,1.4447886087509687e-06,0.9999107122421265
507,India_Dataset,0,Benign,1,Potentially_Malignant,0,0.024716278538107872,0.5405769944190979,0.4347066879272461
508,India_Dataset,0,Benign,0,Benign,1,0.9999997615814209,2.2003703747941472e-07,2.997320436293194e-08
509,India_Dataset,0,Benign,1,Potentially_Malignant,0,0.1104455515742302,0.8134317994117737,0.07612262666225433
510,India_Dataset,0,Benign,1,Potentially_Malignant,0,0.0033701923675835133,0.9957042336463928,0.0009255213662981987
511,India_Dataset,0,Benign,1,Potentially_Malignant,0,0.009072319604456425,0.9860911965370178,0.004836480598896742
512,India_Dataset,0,Benign,1,Potentially_Malignant,0,0.010170267894864082,0.8320453763008118,0.1577843427658081
513,India_Dataset,1,Potentially_Malignant,1,Potentially_Malignant,1,0.02912273444235325,0.6992620229721069,0.271615207195282
514,India_Dataset,1,Potentially_Malignant,2,Malignant,0,0.002593487035483122,0.00971543975174427,0.9876910448074341
515,India_Dataset,1,Potentially_Malignant,2,Malignant,0,0.0017005869885906577,0.01004674844443798,0.9882526993751526
516,India_Dataset,1,Potentially_Malignant,1,Potentially_Malignant,1,0.033430106937885284,0.7511062026023865,0.21546372771263123
517,India_Dataset,1,Potentially_Malignant,2,Malignant,0,0.002515501342713833,0.01429300382733345,0.9831915497779846
518,India_Dataset,1,Potentially_Malignant,2,Malignant,0,0.00018358124361839145,2.811146941894549e-06,0.9998136162757874
519,India_Dataset,1,Potentially_Malignant,2,Malignant,0,0.15941408276557922,0.2567189037799835,0.5838670134544373
520,India_Dataset,1,Potentially_Malignant,1,Potentially_Malignant,1,0.0010165325365960598,0.9981988072395325,0.0007846440421417356
521,India_Dataset,1,Potentially_Malignant,1,Potentially_Malignant,1,0.026272686198353767,0.9478660821914673,0.02586127445101738
522,India_Dataset,1,Potentially_Malignant,2,Malignant,0,0.0030172374099493027,0.03693311661481857,0.960049569606781
523,India_Dataset,1,Potentially_Malignant,2,Malignant,0,0.0022279054392129183,0.01463241409510374,0.9831395745277405
524,India_Dataset,1,Potentially_Malignant,2,Malignant,0,0.037030454725027084,0.3125268816947937,0.6504426598548889
525,India_Dataset,1,Potentially_Malignant,2,Malignant,0,0.2827112674713135,0.003490571863949299,0.7137982249259949
526,India_Dataset,1,Potentially_Malignant,2,Malignant,0,0.0016966861439868808,0.028518039733171463,0.9697853326797485
527,India_Dataset,1,Potentially_Malignant,2,Malignant,0,0.002784587675705552,0.06790833175182343,0.9293071031570435
528,India_Dataset,1,Potentially_Malignant,0,Benign,0,0.9968538880348206,0.0031458919402211905,2.533272720484092e-07
529,India_Dataset,1,Potentially_Malignant,2,Malignant,0,0.010922770015895367,0.13300395011901855,0.856073260307312
530,India_Dataset,1,Potentially_Malignant,1,Potentially_Malignant,1,0.027284538373351097,0.9611295461654663,0.011585903353989124
531,India_Dataset,1,Potentially_Malignant,1,Potentially_Malignant,1,0.005225019063800573,0.9533374905586243,0.04143751040101051
532,India_Dataset,1,Potentially_Malignant,1,Potentially_Malignant,1,0.06966084986925125,0.9249714612960815,0.005367642734199762
533,India_Dataset,1,Potentially_Malignant,1,Potentially_Malignant,1,0.04075269401073456,0.8345685601234436,0.12467873841524124
534,India_Dataset,1,Potentially_Malignant,0,Benign,0,0.9995978474617004,0.0003988987300544977,3.166373744534212e-06
535,India_Dataset,1,Potentially_Malignant,2,Malignant,0,0.02475137822329998,0.3924209475517273,0.5828276872634888
536,India_Dataset,1,Potentially_Malignant,2,Malignant,0,0.0014537166571244597,0.013384445570409298,0.9851618409156799
537,India_Dataset,1,Potentially_Malignant,2,Malignant,0,0.00969182699918747,0.0003865558828692883,0.9899215698242188
538,India_Dataset,1,Potentially_Malignant,0,Benign,0,0.5592837333679199,0.021615086123347282,0.41910114884376526
539,India_Dataset,1,Potentially_Malignant,2,Malignant,0,0.007196494378149509,0.13096828758716583,0.8618351817131042
540,India_Dataset,1,Potentially_Malignant,2,Malignant,0,0.003438842250034213,0.0956295058131218,0.9009316563606262
541,India_Dataset,1,Potentially_Malignant,0,Benign,0,0.7667050957679749,0.21019120514392853,0.023103700950741768
542,India_Dataset,1,Potentially_Malignant,2,Malignant,0,0.10742112994194031,0.11353259533643723,0.7790462970733643
543,India_Dataset,1,Potentially_Malignant,1,Potentially_Malignant,1,0.1283484548330307,0.8669396638870239,0.004711915738880634
544,India_Dataset,1,Potentially_Malignant,2,Malignant,0,0.01880023442208767,0.0043301451951265335,0.9768696427345276
545,India_Dataset,1,Potentially_Malignant,2,Malignant,0,0.006529460661113262,0.04491787403821945,0.948552668094635
546,India_Dataset,1,Potentially_Malignant,1,Potentially_Malignant,1,0.016834834590554237,0.9809335470199585,0.0022316244430840015
547,India_Dataset,1,Potentially_Malignant,1,Potentially_Malignant,1,0.028508642688393593,0.954681396484375,0.016809947788715363
548,India_Dataset,1,Potentially_Malignant,2,Malignant,0,0.013430917635560036,0.02153806947171688,0.965031087398529
549,India_Dataset,1,Potentially_Malignant,0,Benign,0,0.9532333612442017,0.028787735849618912,0.017978860065340996
550,India_Dataset,1,Potentially_Malignant,1,Potentially_Malignant,1,0.0011729317484423518,0.9988239407539368,3.068825435548206e-06
551,India_Dataset,1,Potentially_Malignant,2,Malignant,0,0.0047421520575881,0.09673920273780823,0.8985186815261841
552,India_Dataset,1,Potentially_Malignant,1,Potentially_Malignant,1,0.012743253260850906,0.5462455749511719,0.4410112202167511
553,India_Dataset,1,Potentially_Malignant,2,Malignant,0,0.001007080776616931,0.001944326562806964,0.9970486760139465
554,India_Dataset,1,Potentially_Malignant,2,Malignant,0,0.005860620178282261,0.18813027441501617,0.80600905418396
555,India_Dataset,1,Potentially_Malignant,2,Malignant,0,0.0020877334754914045,0.01570894382894039,0.9822033643722534
556,India_Dataset,1,Potentially_Malignant,1,Potentially_Malignant,1,0.03507845103740692,0.5555806756019592,0.40934085845947266
557,India_Dataset,1,Potentially_Malignant,1,Potentially_Malignant,1,0.00766126299276948,0.9356978535652161,0.05664093792438507
558,India_Dataset,1,Potentially_Malignant,1,Potentially_Malignant,1,0.013010079972445965,0.9851788878440857,0.0018110977252945304
559,India_Dataset,1,Potentially_Malignant,2,Malignant,0,0.18543949723243713,0.339972585439682,0.47458791732788086
560,India_Dataset,1,Potentially_Malignant,2,Malignant,0,0.002535819774493575,0.00443750387057662,0.9930267333984375
561,India_Dataset,1,Potentially_Malignant,2,Malignant,0,0.002086598426103592,0.04577048495411873,0.9521429538726807
562,India_Dataset,1,Potentially_Malignant,1,Potentially_Malignant,1,0.035129107534885406,0.9468348026275635,0.01803603395819664
563,India_Dataset,1,Potentially_Malignant,1,Potentially_Malignant,1,0.0027773294132202864,0.969024658203125,0.028198013082146645
564,India_Dataset,1,Potentially_Malignant,1,Potentially_Malignant,1,0.036810968071222305,0.931617259979248,0.03157174959778786
565,India_Dataset,1,Potentially_Malignant,1,Potentially_Malignant,1,0.009726239368319511,0.9861577749252319,0.004116012714803219
566,India_Dataset,1,Potentially_Malignant,2,Malignant,0,0.011889828369021416,0.36455705761909485,0.6235530972480774
567,India_Dataset,1,Potentially_Malignant,1,Potentially_Malignant,1,0.11027822643518448,0.4533751308917999,0.43634670972824097
568,India_Dataset,1,Potentially_Malignant,1,Potentially_Malignant,1,0.02949199266731739,0.9443438053131104,0.026164213195443153
569,India_Dataset,1,Potentially_Malignant,2,Malignant,0,0.0036691424902528524,0.0818699523806572,0.9144609570503235
570,India_Dataset,1,Potentially_Malignant,1,Potentially_Malignant,1,0.011082727462053299,0.985228955745697,0.0036883228458464146
571,India_Dataset,1,Potentially_Malignant,1,Potentially_Malignant,1,0.006583365146070719,0.9311264157295227,0.062290217727422714
572,India_Dataset,1,Potentially_Malignant,1,Potentially_Malignant,1,0.2531149387359619,0.5942985415458679,0.15258650481700897
573,India_Dataset,1,Potentially_Malignant,2,Malignant,0,0.011211670935153961,0.23681849241256714,0.7519698143005371
574,India_Dataset,1,Potentially_Malignant,2,Malignant,0,0.004654902499169111,0.04483942314982414,0.9505056738853455
575,India_Dataset,1,Potentially_Malignant,1,Potentially_Malignant,1,0.03880060091614723,0.9361231327056885,0.025076232850551605
576,India_Dataset,1,Potentially_Malignant,2,Malignant,0,0.007773661985993385,0.23949290812015533,0.7527334690093994
577,India_Dataset,1,Potentially_Malignant,2,Malignant,0,2.8035570721840486e-05,5.384649557527155e-05,0.9999181032180786
578,India_Dataset,1,Potentially_Malignant,2,Malignant,0,0.0013110088184475899,0.0025901482440531254,0.9960987567901611
579,India_Dataset,1,Potentially_Malignant,2,Malignant,0,0.010960593819618225,0.47021737694740295,0.5188220143318176
580,India_Dataset,1,Potentially_Malignant,2,Malignant,0,0.0011204734910279512,0.010074086487293243,0.9888054132461548
581,India_Dataset,1,Potentially_Malignant,1,Potentially_Malignant,1,0.3498348891735077,0.6449917554855347,0.005173316225409508
582,India_Dataset,1,Potentially_Malignant,2,Malignant,0,0.014388066716492176,0.07761985808610916,0.9079920649528503
583,India_Dataset,1,Potentially_Malignant,1,Potentially_Malignant,1,0.03271635249257088,0.7028553485870361,0.2644282877445221
584,India_Dataset,1,Potentially_Malignant,1,Potentially_Malignant,1,0.0032328900415450335,0.9956492781639099,0.0011177940759807825
585,India_Dataset,1,Potentially_Malignant,2,Malignant,0,0.0008833760512061417,0.03321484848856926,0.965901792049408
586,India_Dataset,1,Potentially_Malignant,1,Potentially_Malignant,1,0.046342089772224426,0.79124516248703,0.16241273283958435
587,India_Dataset,1,Potentially_Malignant,1,Potentially_Malignant,1,0.007743488997220993,0.8272232413291931,0.1650332659482956
588,India_Dataset,1,Potentially_Malignant,1,Potentially_Malignant,1,0.02259986102581024,0.9659363031387329,0.011463821865618229
589,India_Dataset,1,Potentially_Malignant,1,Potentially_Malignant,1,0.028149917721748352,0.8449950218200684,0.1268550008535385
590,India_Dataset,1,Potentially_Malignant,2,Malignant,0,0.018935147672891617,0.22537483274936676,0.7556900382041931
591,India_Dataset,1,Potentially_Malignant,2,Malignant,0,0.005522513296455145,0.04415138065814972,0.9503260850906372
592,India_Dataset,1,Potentially_Malignant,2,Malignant,0,0.009302085265517235,0.22375907003879547,0.7669388651847839
593,India_Dataset,1,Potentially_Malignant,2,Malignant,0,0.0037309573963284492,0.010966002941131592,0.9853030443191528
594,India_Dataset,1,Potentially_Malignant,1,Potentially_Malignant,1,0.002113152062520385,0.9885518550872803,0.00933496467769146
595,India_Dataset,1,Potentially_Malignant,1,Potentially_Malignant,1,0.019294114783406258,0.8470203280448914,0.13368551433086395
596,India_Dataset,1,Potentially_Malignant,1,Potentially_Malignant,1,0.020838329568505287,0.6078399419784546,0.37132176756858826
597,India_Dataset,1,Potentially_Malignant,2,Malignant,0,0.020699122920632362,0.09019531309604645,0.8891055583953857
598,India_Dataset,1,Potentially_Malignant,2,Malignant,0,0.0005303356447257102,0.008313456550240517,0.9911562204360962
599,India_Dataset,1,Potentially_Malignant,1,Potentially_Malignant,1,0.017958885058760643,0.9701179265975952,0.011923194862902164
600,India_Dataset,1,Potentially_Malignant,1,Potentially_Malignant,1,0.014955246821045876,0.9769313931465149,0.008113381452858448
601,India_Dataset,1,Potentially_Malignant,1,Potentially_Malignant,1,0.01697969064116478,0.8193215131759644,0.16369880735874176
602,India_Dataset,1,Potentially_Malignant,1,Potentially_Malignant,1,0.010809007100760937,0.9153137803077698,0.07387722283601761
603,India_Dataset,1,Potentially_Malignant,2,Malignant,0,0.020680105313658714,0.41782140731811523,0.5614985227584839
604,India_Dataset,1,Potentially_Malignant,2,Malignant,0,0.0006540865288116038,0.001067589269950986,0.9982783794403076
605,India_Dataset,1,Potentially_Malignant,2,Malignant,0,0.014081785455346107,0.10851885378360748,0.8773993253707886
606,India_Dataset,2,Malignant,2,Malignant,1,0.001488826354034245,0.002733290893957019,0.9957778453826904
607,India_Dataset,2,Malignant,1,Potentially_Malignant,0,0.04674745723605156,0.8225594758987427,0.13069309294223785
608,India_Dataset,2,Malignant,2,Malignant,1,1.385043651680462e-05,5.160497948963894e-06,0.9999810457229614
609,India_Dataset,2,Malignant,2,Malignant,1,3.3236294257221743e-05,5.965293166809715e-05,0.9999071359634399
610,India_Dataset,2,Malignant,2,Malignant,1,0.0004164352430962026,0.0009730507736094296,0.9986104965209961
611,India_Dataset,2,Malignant,2,Malignant,1,8.243543561547995e-05,1.8050943708658451e-06,0.9999157190322876
612,India_Dataset,2,Malignant,1,Potentially_Malignant,0,0.034397173672914505,0.7867722511291504,0.17883063852787018
613,India_Dataset,2,Malignant,2,Malignant,1,6.692611350445077e-05,8.546431331524218e-07,0.9999322891235352
614,India_Dataset,2,Malignant,2,Malignant,1,0.022445498034358025,0.44906309247016907,0.5284914374351501
615,India_Dataset,2,Malignant,1,Potentially_Malignant,0,0.01085585355758667,0.880852997303009,0.10829118639230728
616,India_Dataset,2,Malignant,1,Potentially_Malignant,0,0.01715242862701416,0.6523669362068176,0.3304806649684906
617,India_Dataset,2,Malignant,2,Malignant,1,0.0037843233440071344,0.02106361836194992,0.9751520752906799
618,India_Dataset,2,Malignant,1,Potentially_Malignant,0,0.017995374277234077,0.9242777228355408,0.05772683769464493
619,India_Dataset,2,Malignant,2,Malignant,1,0.006210529711097479,0.015934215858578682,0.9778552055358887
620,India_Dataset,2,Malignant,2,Malignant,1,0.004333565942943096,0.19035275280475616,0.8053137063980103
621,India_Dataset,2,Malignant,1,Potentially_Malignant,0,0.017514828592538834,0.9593112468719482,0.023173891007900238
622,India_Dataset,2,Malignant,1,Potentially_Malignant,0,0.25365492701530457,0.7384880781173706,0.007857019081711769
623,India_Dataset,2,Malignant,2,Malignant,1,2.76261607723427e-06,5.609734898825991e-08,0.9999972581863403
624,India_Dataset,2,Malignant,2,Malignant,1,0.0061855921521782875,0.005149358883500099,0.9886651039123535
625,India_Dataset,2,Malignant,2,Malignant,1,0.0005446739960461855,0.0015017420519143343,0.9979536533355713
626,India_Dataset,2,Malignant,2,Malignant,1,0.1049705371260643,0.06712421029806137,0.8279052376747131
627,India_Dataset,2,Malignant,2,Malignant,1,0.001717529259622097,0.000768427737057209,0.997514009475708
628,India_Dataset,2,Malignant,2,Malignant,1,0.0022166070993989706,0.004227796569466591,0.9935556054115295
629,India_Dataset,2,Malignant,2,Malignant,1,0.0004022963112220168,1.4418982345887343e-06,0.9995962977409363
630,India_Dataset,2,Malignant,0,Benign,0,0.9997686743736267,6.654925982729765e-06,0.00022461179469246417
631,India_Dataset,2,Malignant,2,Malignant,1,0.04890568181872368,0.27320900559425354,0.6778852939605713
632,India_Dataset,2,Malignant,2,Malignant,1,4.0906990761868656e-05,6.561721238540486e-05,0.9998935461044312
633,India_Dataset,2,Malignant,2,Malignant,1,2.378905082878191e-05,1.23204387136866e-07,0.9999760389328003
634,India_Dataset,2,Malignant,2,Malignant,1,0.00020266027422621846,5.75718586333096e-05,0.9997398257255554
635,India_Dataset,2,Malignant,2,Malignant,1,0.0029214255046099424,0.01674872823059559,0.9803298711776733
636,India_Dataset,2,Malignant,2,Malignant,1,0.006137107964605093,0.16192446649074554,0.8319383859634399
